{
  "index.css": "/css/index.3d13e90b.css",
  "index.js": "/index.js",
  "insertion.js": "/insertion.js",
  "background.js": "/background.js",
  "chunk-vendors.js": "/chunk-vendors.js",
  "favicon.png": "/favicon.png",
  "favicon-active.png": "/favicon-active.png",
  "css/insertion.css": "/css/insertion.css",
  "img/icons/resources.png": "/img/icons/resources.png",
  "img/icons/crop.png": "/img/icons/crop.png",
  "img/icons/iron.png": "/img/icons/iron.png",
  "img/icons/clay.png": "/img/icons/clay.png",
  "img/icons/wood.png": "/img/icons/wood.png",
  "manifest.json": "/manifest.json",
  "index.html": "/index.html",
  "img/icons/undo.svg": "/img/icons/undo.svg",
  "img/icons/copy2.svg": "/img/icons/copy2.svg",
  "img/icons/copy.svg": "/img/icons/copy.svg",
  "chunk-vendors.js.map": "/chunk-vendors.js.map"
}